{"pdf1":"E:\/PDFmuTutorial\/large1.pdf","pdf2":"E:\/PDFmuTutorial\/large2.pdf","jaccard_similarity":1.0,"cosine_similarity":1.0,"common_ngrams":["energy report data voltage 2400v","voltage 1940v current efficiency","page 392 sample energy report","data voltage 810v","current 195 efficiency page 393","2990v current 149","data voltage 30v current efficiency","current 139 efficiency page","voltage 2530v current 126","page 228 sample energy report","page 279 sample energy report","voltage 3660v current 183 efficiency","efficiency page 388 sample energy","183 sample energy","sample energy report data"]}
