{"pdf1":"E:\\PDFmuTutorial\\large1.pdf","pdf2":"E:\\PDFmuTutorial\\large2.pdf","jaccard_similarity":1.0,"cosine_similarity":1.0,"common_ngrams":["102 efficiency page 206","180 sample energy","156 sample energy report","voltage 2290v current 114 efficiency","data voltage 3380v current 169","voltage 1740v current efficiency","186 efficiency page 375","voltage 3270v","efficiency page 216 sample","report data voltage 2440v","page 246 sample energy","voltage 3010v current 150","current 128 efficiency page 258","page 357 sample energy report","2910v current"]}
